Expected Runtime(s),Num Processes,Universe Size,Insert Rate,Remove Rate,Pred Rate,Dynamic Set Type,Average Runtime(s),Start Time Variance(µs),End Time Variance(µs),Total Throughput,Throughput Per Second,Average Throughput,Average Throughput Per Second,Max Proc Throughput,Max Throughput Per Second,Max Exceeds Average by x%,Min Proc Throughput,Min Throughput Per Second,Min Below Average by x%,Total Preds,Average Preds,Min Preds,Max Preds,Total Inserts,Total Successful Inserts,Average Inserts,Average Successful Inserts,Min Inserts,Max Inserts,Min Successful Inserts,Max Successful Inserts,Total Removes,Total Successful Removes,Average Removes,Average Successful Removes,Min Removes,Max Removes,Min Successful Removes,Max Successful Removes
5,4,1048576,1,1,2,Jeremy's Trie,5.000047,0,13,14243350,2848643.2,3560837.5,712160.81,3589250,717843.25,0.79791622,3545450,709083.33,0.43213149,7122880,1780720,1773187,1795923,3559681,0,889920.25,0,886711,897043,0,0,3560789,0,890197.25,0,885516,896284,0,0,
5,4,1048576,1,1,2,Jeremy's Trie,5.000034,1,67,13895200,2779021.1,3473800,694755.28,3542700,708535.18,1.9834187,3424850,684965.34,1.4091197,6947217,1736804.2,1712992,1769563,3474881,1737631,868720.25,434407.75,855953,888140,427794,443760,3473102,1737216,868275.5,434304,855905,884997,427902,442833,
5,4,1048576,1,1,2,Jeremy's Trie,5.000036,0,33,14097250,2819429.7,3524312.5,704857.43,3571800,714354.86,1.3474259,3458650,691725.02,1.8631293,7047552,1761888,1729593,1785805,3525010,1762456,881252.5,440614,864183,894230,431118,447470,3524688,1762260,881172,440565,864874,891765,432615,445916,
5,4,1048576,1,1,2,Fomitchev/Ruppert SkipListSet,5.000036,0,67,9012850,1802557,2253212.5,450639.26,2266950,453386.74,0.60968506,2231300,446256.79,0.97250037,4506647,1126661.8,1116202,1133435,2252722,1127011,563180.5,281752.75,556779,566845,278391,283723,2253481,1127032,563370.25,281758,558319,566670,279029,283729,
5,4,1048576,1,1,2,Fomitchev/Ruppert SkipListSet,5.000041,0,79,9084550,1816895.1,2271137.5,454223.78,2283650,456726.25,0.55093538,2250650,450126.31,0.90208101,4541721,1135430.2,1124673,1140912,2271213,1134695,567803.25,283673.75,563090,571876,281798,285184,2271616,1135062,567904,283765.5,562887,570862,281085,285254,
